﻿<?xml version="1.0" encoding="utf-8"?>
<Project ToolsVersion="15.0" xmlns="http://schemas.microsoft.com/developer/msbuild/2003">
  <PropertyGroup>
    <IncludeCompositeObjects>True</IncludeCompositeObjects>
    <TargetDatabaseName>vstsDB</TargetDatabaseName>
    <DeployScriptFileName>VSSDashboardDb.sql</DeployScriptFileName>
    <TargetConnectionString>Data Source=e-zestvstsdb.database.windows.net;Persist Security Info=False;User ID=vsts;Pooling=False;MultipleActiveResultSets=False;Connect Timeout=60;Encrypt=False;TrustServerCertificate=True</TargetConnectionString>
    <ProfileVersionNumber>1</ProfileVersionNumber>
  </PropertyGroup>
</Project>